"satisfaccion" "tiempo_respuesta" "numero_incidencias" "tiempo_resolucion" "tipo_usuario" "categoria"
7,6 1,9 5 4,5404328973437 "estandar" "software"
6,8 4,1 8 19,9297170932024 "premium" "software"
7,8 4,2 4 16,5362991089611 "premium" "software"
8,8 3,2 1 20,2240045876435 "basico" "software"
6,7 4,6 3 16,5767676808071 "estandar" "software"
6,7 5,9 0 15,6598623946813 "basico" "hardware"
8,9 9,1 0 36,7852792710105 "estandar" "hardware"
7,9 5,4 2 27,5903920839985 "basico" "hardware"
6,4 5,6 4 14,4303056755869 "estandar" "hardware"
7,7 4,8 1 19,380974168288 "estandar" "software"
6,4 0,8 5 1,84873437606412 "premium" "software"
6,4 4,9 3 10,6516039486441 "estandar" "software"
7,3 5,1 0 17,8434006903404 "estandar" "hardware"
4,7 10,4 4 41,1493207351556 "premium" "software"
4,9 4,6 1 9,56443425133116 "premium" "software"
6,3 5,7 6 18,5940280840168 "premium" "software"
5,8 4,9 3 14,8964555470526 "premium" "software"
7,4 2,4 1 9,38984937960605 "premium" "software"
5,9 7,5 1 28,3087109507645 "estandar" "hardware"
5,3 6,7 0 22,5427334358896 "estandar" "hardware"
8,8 6,7 3 35,6203894450667 "estandar" "software"
6,7 3 2 9,89444236447099 "basico" "software"
7,1 8,1 4 32,8687163595312 "premium" "hardware"
5,3 1,9 5 4,42043230787443 "estandar" "hardware"
6,3 6,3 1 29,9331003524701 "estandar" "software"
7,1 9,8 0 34,6001734348243 "basico" "software"
5,6 2,8 5 15,0135174751442 "estandar" "hardware"
7,5 3,8 5 11,041200181709 "premium" "hardware"
6,3 5,2 1 14,6149887100232 "premium" "hardware"
6,6 3,9 0 19,1672293172127 "premium" "hardware"
6,3 1,6 2 3,6404328973437 "estandar" "software"
9,2 5,2 2 23,2297170932024 "basico" "software"
7 2,7 2 12,0362991089611 "basico" "hardware"
5,7 6 6 28,6240045876435 "premium" "software"
8 3 6 11,7767676808071 "premium" "software"
5,5 8,4 5 23,1598623946813 "basico" "software"
7,3 3,3 5 19,3852792710105 "premium" "hardware"
4,6 4,3 0 24,2903920839985 "estandar" "hardware"
5,4 6,8 2 18,0303056755869 "premium" "software"
7,2 2,3 5 11,880974168288 "premium" "hardware"
7,9 5,5 5 15,9487343760641 "estandar" "software"
7,2 7,9 1 19,6516039486441 "premium" "hardware"
6,9 1,5 4 7,04340069034043 "basico" "software"
6,6 5,4 3 26,1493207351556 "basico" "software"
5,2 5,6 2 12,5644342513312 "estandar" "hardware"
6,1 6,7 2 21,5940280840168 "estandar" "hardware"
6,4 2,3 2 7,09645554705262 "basico" "software"
8,3 2,1 6 8,48984937960605 "basico" "hardware"
7,4 6,1 4 24,1087109507645 "estandar" "software"
4,9 5,7 1 19,5427334358896 "basico" "software"
7,4 5,6 1 32,3203894450667 "basico" "hardware"
6,5 5,8 1 18,294442364471 "premium" "hardware"
6,2 3,5 5 19,0687163595312 "premium" "software"
7,7 5,5 3 15,2204323078744 "estandar" "hardware"
8,2 5,6 1 27,8331003524701 "estandar" "hardware"
8,1 3,4 3 15,4001734348243 "estandar" "software"
6 9,1 6 33,9135174751442 "basico" "software"
6,6 6 2 17,641200181709 "estandar" "hardware"
7,4 2,4 5 6,2149887100232 "estandar" "hardware"
8,2 6,4 2 26,6672293172127 "estandar" "hardware"
6,4 2,9 1 7,5404328973437 "premium" "hardware"
6,8 6,7 7 27,7297170932024 "basico" "software"
5,7 7,5 8 26,4362991089611 "estandar" "hardware"
5,6 3,2 0 20,2240045876435 "estandar" "software"
8 7,1 3 24,0767676808071 "premium" "software"
8,6 5,9 6 15,6598623946813 "estandar" "software"
6,9 6,8 1 29,8852792710105 "estandar" "hardware"
8,2 9,2 9 38,9903920839985 "estandar" "software"
7,4 4,5 3 11,1303056755869 "estandar" "software"
6,2 3,3 3 14,880974168288 "estandar" "software"
7,4 3 6 8,44873437606412 "estandar" "software"
8,8 3,2 2 5,5516039486441 "estandar" "hardware"
7 4,8 0 16,9434006903404 "basico" "software"
8,9 5,8 4 27,3493207351556 "estandar" "hardware"
3,9 5,6 0 12,5644342513312 "premium" "software"
8 6,8 3 21,8940280840168 "premium" "hardware"
7,1 5 5 15,1964555470526 "estandar" "hardware"
6,6 8,2 5 26,789849379606 "premium" "software"
7,1 4,4 4 19,0087109507645 "estandar" "hardware"
4,6 11 1 35,4427334358896 "basico" "hardware"
6,7 6,4 1 34,7203894450667 "estandar" "hardware"
7,4 3,1 1 10,194442364471 "estandar" "software"
8,8 2,6 2 16,3687163595312 "estandar" "software"
6,4 6,1 3 17,0204323078744 "basico" "hardware"
6 4,5 1 24,5331003524701 "premium" "software"
6,4 6,6 1 25,0001734348243 "premium" "hardware"
8,1 6 1 24,6135174751442 "estandar" "hardware"
7,4 4,8 2 14,041200181709 "premium" "software"
6,4 3,1 3 8,3149887100232 "estandar" "software"
7,6 1,7 2 12,5672293172127 "basico" "software"
7,1 4 2 10,8404328973437 "estandar" "software"
8,2 6,9 3 28,3297170932024 "estandar" "software"
6,2 5,5 2 20,4362991089611 "estandar" "software"
6,6 2,3 4 17,5240045876435 "estandar" "software"
6,5 5,4 4 18,9767676808071 "premium" "hardware"
5,2 5,8 1 15,3598623946813 "estandar" "hardware"
7,4 3,1 2 18,7852792710105 "premium" "hardware"
7,3 5,3 1 27,2903920839985 "estandar" "hardware"
7 5,1 2 12,9303056755869 "premium" "software"
6,7 2,5 3 12,480974168288 "estandar" "hardware"
